<changelog><commit>
					<time>1493845636</time>
					<sha1>28e0c5b4c5ca0107d0cd9f18d3f46ea5ca5e7250</sha1>
					<author>Nikolai</author>
					<branches>refs/heads/master</branches>
					<msg>Configuring maven settings

- adding parent repository to pom.xml
- adding src.xml to src/assembly/</msg>
				</commit><commit>
					<time>1493845245</time>
					<sha1>9201efc86564af41f4f8600d89a6b8b93f664497</sha1>
					<author>Nikolai</author>
					<branches>refs/heads/master</branches>
					<msg>Creating the new Maven project &quot;iMage&quot;.</msg>
				</commit><commit>
					<time>1493845100</time>
					<sha1>4221ab9d8267a3d86c74be9ebce5ec37bcc4b6d9</sha1>
					<author>Nikolai</author>
					<branches>refs/heads/master</branches>
					<msg>Adding .gitignore to git</msg>
				</commit></changelog>